24999.999999999993,23.713202416530333,86.22982696920123,30.18043943922043,3539.2118460567954,18751.851232855726,25791.23923111328,6597.901216528882,1539.5102838567389,879.7201622038507
25475.603661153218,25.245448923846475,91.70628473521542,32.52784964502614,3576.694751683681,19030.83854572636,26302.4050321319,6703.958952731024,1574.9819377530844,903.7695275268388
25960.255276006486,26.876702697998134,97.53055242636832,35.05783952086644,3614.5746293696975,19313.97659122469,26823.70181110734,6811.721510366388,1611.2708893598326,928.4763427950323
26454.126974156126,28.613361168406772,103.72471945687637,37.78460996602552,3652.8556833464318,19601.327123346586,27355.330357517734,6921.216293528506,1648.395969926003,953.8585810578124
26957.394159816966,30.462235139233407,110.31227814002371,40.72346641426441,3691.542162371431,19892.9528148548,27897.495440359482,7032.471146817011,1686.3764445889362,979.9347067031069
27470.23557411935,32.430575499900854,117.31821278630835,43.89090474362159,3730.6383601997695,20188.917270948314,28450.405887019286,7145.514362418634,1725.2320223714719,1006.7236888893731
27992.833358591,34.52610166153518,124.7690944602086,47.304703868206914,3770.1486160606014,20489.285043134976,29014.2746637083,7260.374687301856,1764.9828664094453,1034.2450153447678
28525.373119846925,36.757031830850956,132.69318175495897,50.98402553171262,3810.0773151387853,20794.12164331068,29589.31895749148,7377.081330527362,1805.649604414868,1062.518706543563
29068.043995509364,39.13211524020391,141.12052796752448,54.94952186277902,3850.428889061549,21103.493558047692,30175.760259941795,7495.663970675836,1847.2533393801343,1091.5653302700907
29621.038721382458,41.660666460215296,150.08309508026855,59.223451295933856,3891.2078163903907,21417.46826309581,30773.824452452933,7616.152763395298,1889.8156605289169,1121.4060165808478
30184.553699904434,44.35260192953099,159.6148749815927,63.82980350876586,3932.418623118122,21736.114238099224,31383.741893242917,7738.578349069683,1933.3586545193389,1152.0624731756193
30758.78906990246,47.218478844980105,169.75201838530774,68.79443407661422,3974.065883171223,22059.50098153239,32005.74750608173,7862.971860610771,1977.9049169053305,1183.557001188819
31343.94877767388,50.26953656464798,180.5329719376655,74.14520960058529,4016.154218917474,22387.699025857826,32640.080870777514,7989.364931375203,2023.4775638619878,1215.9125114125059
31940.240649420317,53.51774068624267,191.99862403207106,79.91216412351496,4058.6883016789843,22720.779952909816,33286.98631545635,8117.789703208968,2070.1002441811615,1249.15254096292
32547.876465059424,56.97582997361675,204.1924598844835,86.12766771183455,4101.672852250676,23058.816409506693,33946.71301067106,8248.278834621005,2117.7971515433997,1283.3012704026264
33167.07203344123,60.65736631548408,217.16072645766494,92.82660814960258,4145.112641424235,23401.88212329573,34619.51506537481,8380.865509088402,2166.593037072674,1318.3835413307493
33798.04726899473,64.57678791225273,230.9526078597597,100.04658676454393,4189.012490517592,23750.051918833262,35305.65162479691,8515.583443494845,2216.5132221803347,1354.4248744540555
34441.02626983328,68.74946589956957,245.62041188245075,107.82812948528772,4233.377271910056,24103.401733904466,36005.38697025875,8652.466896704931,2267.5836117050408,1391.451488152083
35096.23739734549,73.1917646306351,261.2197683861527,116.21491431446225,4271.359097403058,24429.585905129665,36650.81417983182,8791.550678276179,2319.8307073554292,1429.490317549775
35763.913357300706,77.92110585370915,277.8098402846588,125.25401649446852,4269.364009821036,24568.384939048836,36903.4978578818,8932.870157311188,2373.281621462531,1468.569034111534
36444.29128249666,82.95603703648888,295.45354792941026,134.99617274204056,4267.369854114415,24707.97257298324,37157.923626594114,9076.461271451955,2427.9640910490157,1508.716065770895
37137.61281698019,88.31630410532338,314.21780774443005,145.4960660347647,4265.376629847926,24848.353287439397,37414.103496558135,9222.360536018834,2483.9064922226407,1549.9606176105215
37844.12420187006,94.02292888452733,334.1737860169661,156.81263254806555,4263.384336586509,24989.531588380418,37672.04956116848,9370.605053296513,2541.1378549013507,1592.3326931075517
38564.07636281193,100.09829153948968,355.3971688063651,169.00939246549166,4261.392973895305,25131.512007370307,37931.773997195676,9521.232521969017,2599.687877877586,1635.863115959685
39297.724999097765,106.56621834691148,377.96844899488065,182.15480651917,4259.402541339658,25274.2991017197,38193.289065361496,9674.281246706592,2659.5869442297667,1680.5835525080063
40045.33067448023,113.45207513638077,401.9732315690756,196.32266026168185,4257.413038485118,25417.89745463181,38456.607110917204,9829.790147906571,2720.8661370888176,1726.5265347727461
40807.1589097152,120.78286676974986,427.5025582896612,211.59247822630397,4255.424464897433,25562.311675350084,38721.74056422686,9987.79877159093,2783.557255768011,1773.7254841188253
41583.48027686409,128.58734304843955,454.6532529810999,228.04997030028198,4253.436820142557,25707.54639930561,38988.70194135355,10148.34729946275,2847.6928322643957,1822.2147355682914
42374.570495390864,136.8961114640327,483.52828875058213,245.7875128166741,4251.450103786648,25853.606288266175,39257.503844650884,10311.476559124563,2913.3061481404898,1872.0295627774685
43180.710530086915,145.7417572343264,514.2371785290712,264.90466706511796,4249.464315396062,26000.496030485858,39528.158963357164,10477.228034460748,2980.4312517949074,1923.2062036968698
44002.18669085919,155.15897109561175,546.896390415634,285.50873813196,4247.4794545373625,26148.220340855478,39800.680074195094,10645.643876187021,3049.1029761309555,1975.7818869326343
44839.29073441601,165.18468535233688,581.629789400263,307.7153772064964,4245.495520777313,26296.783961053978,40075.08004197458,10816.766912569276,3119.3569566322644,2029.7948588285485
45692.3199678881,175.8582187177331,618.5691071405619,331.64923073412876,4243.512513682878,26446.191659700602,40351.37182019987,10990.640660314904,3191.229649854958,2085.284411288504
46561.57735442049,187.22143051342118,657.8544415739241,357.4446400601145,4241.530432821229,26596.448232507955,40629.56845168154,11167.309335639104,3264.75835234587,2142.2909103594925
47447.37162077375,199.31888483274767,699.6347882601257,385.24639549105973,4239.549277759734,26747.558502435957,40909.68306915164,11346.817865509143,3339.98121999668,2200.8558255960443
48350.01736697126,212.19802531164942,744.0686054694471,415.21054900667605,4237.569048065966,26899.52731984661,41191.7288958842,11529.211899069263,3416.9372878439294,2261.0217602273356
49269.835178033405,225.90936119247925,791.3244151595902,447.5052901836334,4235.589743307701,27052.359562659745,41475.71924631886,11714.537819249283,3495.6664903253063,2322.8324821490787
50207.15173783685,238.2525854616857,837.0952103128955,475.62444727402107,4233.6113630529135,27206.060136509535,41761.667526689984,11907.727902901901,3571.2788953664567,2379.3568126736595
51162.29994514048,242.99094593164017,868.8317874182219,481.01035089123843,4231.633906869784,27360.633974902004,42049.58723565926,12121.789122558683,3630.6592422886265,2411.9996005521457
52135.619031817616,247.82354277640562,901.7715852730564,486.45724371525586,4235.862112773304,27519.781870097173,42358.621127733095,12339.698448767329,3691.0269177572127,2445.090220212234
53127.4546833385,252.75225016625555,935.9602212786469,491.9658163791798,4279.027487935868,27703.045298891935,42790.27487935867,12561.525057645107,3752.3983382754677,2478.634815531869
54138.15916154431,257.7789795449061,971.4450423171293,497.5367673367472,4322.632738043196,27887.529140133654,43226.327380432,12787.339368865061,3814.7901933070184,2512.639614677871
55168.09142975737,262.9056803708127,1008.2751903209157,503.17080295088743,4366.6823456224765,28073.241520956934,43666.82345622477,13017.213068011091,3878.219449814478,2547.1109312623084
56217.61728027051,268.1343408732019,1046.5016703279468,508.8686375832819,4411.180838879881,28260.190622617665,44111.80838879876,13251.219129334646,3942.703356873397,2582.0551655147356
57287.1094642627,273.46698882314433,1086.1774211171523,514.6309936849417,4456.132792166069,28448.384680853294,44561.32792166069,13489.431838920751,4008.259450363067,2617.4788054705
58376.94782418625,278.90569231996557,1127.3573885218925,520.4586018878124,4501.54282644646,28637.831986245954,45015.42826446465,13731.92681827048,4074.90555773526,2653.3884281753876
59487.51942867161,284.45256059328693,1170.0986015228734,526.35220109741,4547.415609776201,28828.540884587565,45474.156097762,13978.781048307119,4142.659802862219,2689.790700906745
60619.21870999961,290.1097448210288,1214.4602512259994,532.3125385865127,4593.755857780064,29020.519777247267,45937.55857780059,14230.072893814146,4211.540610965351,2726.692382411407
61772.44760418844,295.87943896367454,1260.5037728344626,538.3403700899067,4640.568334137193,29213.777121541905,46405.68334137192,14485.882128312365,4281.566713625769,2764.1003241605576
62947.61569374635,301.7638806151304,1308.2929307286554,544.4364599002171,4687.857851070829,29408.321431108383,46878.578510708234,14746.289959384425,4352.757153878244,2802.0214716218534
64145.140353138835,307.7653518705043,1357.8939067716358,550.6015809648039,4735.629269842945,29604.16127627879,47356.29269842946,15011.379054454286,4425.131291389769,2840.4628655489532
65365.44689702445,313.8861802111455,1409.3753919625528,556.8365149837767,4783.887501254007,29801.30528445777,47838.87501254008,15281.233567030413,4498.708807724268,2879.4316432887867
66608.96873130997,320.1287394072828,1462.808681564873,563.1420525091045,4832.637506147794,29999.76214050291,48326.37506147794,15555.939163420582,4573.509711694849,2918.9350401067104
67876.14750708005,326.4954504386214,1518.2677738412124,569.5189930448557,4881.884295921356,30199.54058710715,48818.84295921351,15835.583049927009,4649.554344805051,2958.980390529888
69167.43327745379,332.9887824332378,1575.8294725314163,575.9681451485682,4931.632933040159,30400.6494251838,49316.32933040165,16120.254000530234,4726.863386780528,2999.5751297090583
70483.28465742694,339.6112536251556,1635.5734932159262,582.4903265337701,4981.888531558534,30603.097514254605,49818.885315585336,16410.042385070807,4805.457861192734,3040.726794799028
71824.16898675388,346.3654323309637,1697.5825737116406,589.0863641736618,5032.656257645344,30806.893772839598,50326.56257645344,16705.040197937466,4885.359141176132,3082.44302635806
73190.56249592941,353.2539379458573,1761.9425886532147,595.7570944059714,5083.941330115097,31012.0471788504,50839.41330115097,17005.34108727124,4966.588955240452,3124.7315697665067
74582.95047532654,360.2794419594857,1828.7426684183943,602.5033630389952,5135.74902096441,31218.566769985548,51357.49020964415,17311.0403846942,5049.1693931795435,3167.600276664856
76001.82744755353,367.4446689920072,1898.0753225622004,609.326025458843,5188.08465591395,31426.46164412844,51880.84655913951,17622.235135572948,5133.122912078564,3211.057106411558
77447.69734308906,374.7523978507442,1970.0365679308002,616.2259467378947,5240.9536149559135,31635.74095974854,52409.53614955919,17939.024129825964,5218.472342420958,3255.110127560797
78921.07367925947,382.2054626078618,2044.7260616325718,623.2040017444882,5294.361332907111,31846.413936304576,52943.61332907111,18261.507933284993,5305.240894297081,3299.767519360596
80422.47974261944,389.8067536994672,2122.247239050391,630.2610752538451,5352.349360150271,32114.096160901612,53523.49360150266,18589.788919619787,5393.4521637159405,3345.0375732714137
81952.44877480388,397.55921904657623,2202.7074570864147,637.3980620602556,5421.505466565339,32529.03279939202,54215.054665653326,18923.971302837177,5483.13013902196,3390.9286945056338
83511.52416191447,405.4658651983722,2286.218142837636,644.6158670905331,5491.555118362565,32949.3307101754,54915.55118362565,19264.161170364096,5574.299207418422,3437.449403588119
85100.25962751017,413.5297584982036,2372.894947908163,651.9154055187552,5562.509860774788,33375.059164648745,55625.098607747874,19610.466516725595,5666.984161599385,3484.608337938229
86719.21942926753,421.7540262727619,2462.8579085718347,659.2976028822989,5634.381388207339,33806.28832924401,56343.813882073315,19962.997277827868,5761.210206491827,3532.41425347349
88368.97855938373,430.14185804492234,2556.231612007108,666.7633951991945,5707.181546165444,34243.08927699268,57071.815461654434,20321.865365857928,5857.00296610992,3580.876026235309
90050.12294879228,438.6965067706992,2653.145368834378,674.3137290868101,5780.922333206603,34685.53399923963,57809.223332066045,20687.184704810606,5954.388490523324,3630.0026540369704
91763.24967526204,447.4212901007995,2753.733392194563,681.9495618818718,5855.61590291807,35133.6954175084,58556.159029180635,21059.071266654006,6053.393262941243,3679.8032581342313
93508.96717545693,456.3195916672718,2858.1349836171503,689.671861761851,5931.2745659199545,35587.64739551979,59312.7456591996,21437.643108145297,6154.044206914323,3730.2870849188575
95287.8954610289,465.39486239573773,2966.4947259349706,697.4816078677231,6007.910791894223,36047.464751365354,60079.107918942245,21823.020408308286,6256.368693656326,3781.4635076353966
97100.66633882295,474.6506218437313,3078.9626835129243,705.3797904281184,6085.537211639895,36513.22326983935,60855.37211639888,22215.325506584755,6360.394549487509,3833.3420281214785
98947.92363526943,484.09045956564125,3195.6946100678565,713.3674108848737,6164.166619154729,36984.99971492835,61641.666191547236,22614.682941671344,6466.150063401717,3885.932278572002
100830.32342504719,491.7141089661815,3318.7832867706065,724.871819857074,6243.811973743935,37462.87184246366,62438.1197374394,22965.55257107963,6558.595291091008,3949.7442920384665
102748.53426409564,496.86634380634524,3449.179838438725,741.0390431770977,6324.4864021560115,37946.91841293609,63244.86402156012,23249.75906614544,6632.863891674102,4028.2966913064797
104703.2374270609,502.0725643332412,3584.6997317708656,757.5668531590943,6406.203200746286,38437.2192044777,64062.032007462796,23537.482712892615,6707.973499330784,4108.411338399804
106695.12714925712,507.33333621486764,3725.5442652635697,774.4632921699076,6488.975837668275,38933.8550260097,64889.7583766828,23828.76703726496,6783.933637505576,4190.1193032576175
108724.91087323295,512.6492310463556,3871.9226465257184,791.7365819498049,6572.817955093514,39436.9077305611,65728.17955093514,24123.656103854693,6860.753937485146,4273.452273737147
110793.30950002743,518.0208264120721,4024.0523030312274,809.3951276131452,6657.743371459927,39946.46022875955,66577.4337145992,24422.194522568094,6938.444139619445,4358.442567902781
112901.05764520726,523.448705948379,4182.1592050814825,827.4475217382776,6743.766083749391,40462.5965024964,67437.66083749397,24724.427455374444,7017.014094556833,4445.123146559664
115048.90389977253,528.9334594070431,4346.478201456933,845.9025485486478,6830.900269794569,40985.40161876744,68309.0026979457,25030.40062313755,7096.4737644929455,4533.527626036453
117237.6110960282,534.4756827193148,4517.2533682567255,864.7691881871699,6919.160290615655,41514.96174369391,69191.60290615648,25340.160312532244,7176.8332244339235,4623.690291222347
119467.95657851336,540.0759780606803,4694.738371444475,884.0566210859346,7008.560692787326,42051.36415672403,70085.60692787335,25653.753383046955,7258.102663473871,4715.646108863473
121740.73248008278,545.7349539162853,4879.196843638391,903.7742324333606,7099.1162108361805,42594.69726501715,70991.16210836187,25971.227274072004,7340.292386086714,4809.430741123537
124056.7460032429,551.4532251470512,5070.90277570591,923.9316167409963,7190.8417696692395,43145.05061801546,71908.4176966924,26292.630012076137,7423.412813432789,4905.0805594143385
126416.81970683883,557.2314130564793,5270.140923744143,944.5385825121706,7283.752487033773,43702.51492220266,72837.52487033773,26618.01021787209,7507.47448468017,5002.632658501255
128821.79179819535,563.0701454581575,5477.207232050748,965.6051570147686,7377.86367600895,44267.182056053774,73778.63676008959,26947.417113971518,7592.4880583409595,5102.124870889252
131272.51643081696,568.9700567439763,5692.409272713707,987.1415911604687,7466.537268509038,44770.69522744383,74926.0879381058,27280.90053203154,7678.464313622763,5203.595781495094
133769.86400774872,574.931787953052,5916.066702472504,1009.1583644927853,7549.988497377008,45215.32644951439,76276.1615894409,27618.510920392633,7765.4141517953785,5307.084742611214
136314.72149071062,580.9559868413801,6148.511737529803,1031.666190286373,7634.372435391002,45664.37343780505,77650.56186604334,27960.29935171069,7853.348597573027,5412.631889167276
138907.99271511319,587.043307952217,6390.089647018758,1054.6760207600817,7719.6995071590845,46117.8800466166,79049.72710303427,28306.317530683235,7942.278800512257,5520.2781542953
141550.59871106333,593.1944126871936,6641.159265858577,1078.1990524062362,7805.98025380197,46575.890565780064,80474.10353378023,28656.617801870605,8032.2160364255815,5630.065285204207
144243.47803047983,599.409969378181,6902.093527760764,1102.2467314388246,7893.225334255304,47038.449724981874,81924.14543221108,29011.25315761501,8123.171708811218,5742.03585937019
146987.58708043038,605.6906533599054,7173.280019177204,1126.8307593631703,7981.4455265864235,47505.60269813246,83400.31525770001,29370.277246056754,8215.157350298974,5856.233301049054
149783.90046281164,612.0371470433262,7455.121555013301,1151.9630986698494,8070.65172932589,47977.395107778066,84903.0838025555,29733.744379250285,8308.184624112537,5972.701898116952
152633.41132048858,618.4501399897788,7748.036776960925,1177.6559786555767,8160.854962813812,48453.87302955617,86432.93034216968,30101.709541379794,8402.26532554826,6091.486819246007
155537.1316900218,624.9303289858991,8052.460775340367,1203.921901373943,8252.06637056134,48935.082996695055,87990.34278787271,30474.228397077597,8497.411383470759,6212.634131421588
158496.09286110333,631.4784181193301,8368.845735374582,1230.7736477188591,8344.297220627242,49421.07200455846,89575.81784254216,30851.357299844636,8593.63486182541,6336.190817807889
161511.34574283223,638.0951188552244,8697.66160885611,1258.2242836436992,8437.55890701001,49911.8875152355,91189.8611590157,31233.153300575534,8690.94796116802,6462.20479596897
164583.96123695525,644.7811501135441,9039.3968122037,1286.2871665191255,8531.86295105538,50407.57746217515,92832.98750135714,31619.67415618907,8789.363020211726,6590.724936451959
167715.0306182111,651.5372383471738,9394.558951946245,1314.9759516327451,8627.221002879698,50908.19025486828,94505.72090903019,32010.978338365454,8888.892517391509,6721.801081740002
170905.66592190863,658.3641176208521,9763.67557871119,1344.3045988337055,8723.644842809113,51413.77478357451,96208.59486402826,32407.12504239176,8989.54907244636,6855.4840655820935
174157.00033888023,665.2625296909304,10147.294970837609,1374.2873793255276,8821.146382834979,51924.380424097784,97942.15246101898,32808.17419611679,9091.345448019432,6991.8257327073925
177470.18861794562,672.2332240859637,10545.986948777545,1404.9388826103825,8919.737668085314,52440.05704260753,99706.94658055044,33214.18646901681,9194.29455127621,7130.878958931455
180846.40747603518,679.2769581881502,10960.343721495807,1436.2740235883077,9019.430878312902,52960.85500050939,101503.54006538127,33625.22328137334,9298.409435541078,7272.697671662541
184286.8560161156,686.3944973156242,11390.980766125249,1468.3080498147397,9120.238329399961,53486.825159363296,103332.50589998785,34041.34681356481,9403.703301952439,7417.336870815651
187792.7561530629,693.586614805606,11838.537742183802,1501.0565489199003,9222.172474879579,54018.018885850346,105194.4273933033,34462.62001547278,9510.189501136487,7564.852650142466
191365.35304764097,700.8540920984303,12303.679441711862,1534.5354561936845,9325.245907474224,54554.4880567896,107089.89836475319,34889.10661600502,9617.881534900018,7715.302218985579
195005.91554873448,708.1977188224492,12787.096776740818,1568.7610623397086,9429.471360651405,55096.28506420475,109019.52333364039,35320.87113273608,9726.79305794237,7868.743924465298
198715.73664399466,715.6182928798278,13289.507805559755,1603.7500214022975,9534.861710196763,55643.46282043989,110983.9177119433,35757.978881667375,9836.937879586716,8025.237274107765
202496.13391906043,723.8059175445926,13612.683867555324,1617.8424806930416,9673.177323264365,55720.643366879565,111880.31404849577,35595.91574460124,9926.49222114352,8150.891795652284
206348.45002551159,732.4495809021132,13839.02460270374,1620.8157473947863,9830.269155969285,55552.252995174655,112210.54005308612,35125.983313396384,10005.435728076309,8260.660761618026
210274.05315772825,741.1964665660919,14069.128749159267,1623.7944783583393,9989.912150828863,55384.37150699255,112541.74075295695,34662.254866139716,10085.007057723102,8371.907998451694
214274.337538822,750.047807213478,14303.058881891737,1626.7786836259056,10152.147738566982,55216.997364463496,112873.91902502014,34204.64849868005,10165.211203038682,8484.653414191433
218350.72391580782,759.0048502417983,14540.878616317113,1629.76837325815,10317.01802273999,55050.12903436537,113207.0777546777,33753.083388153915,10246.053196685858,8598.9171849791
222504.66006420043,768.0688579449561,14782.652625597188,1632.7635573342218,10484.565790663568,54883.76498810951,113541.2198358491,33307.47977871001,10327.538111351223,8714.719758670935
226737.6213022075,777.24110769112,15028.44665822699,1635.7642459517945,10654.834524516842,54717.90370172674,113876.34817099529,32867.75896742319,10409.671060063509,8832.081858496716
231051.11101470763,786.5228921027464,15278.327555914575,1638.770449227103,10827.86841262706,54552.543655853384,114212.4656711441,32433.84329039334,10492.457196514386,8951.024486768274
235446.66118719225,795.9155192387366,15532.36327175795,1641.7821772949694,11003.71236093724,54387.68333571732,114549.57525591561,32005.656109028827,10575.901715381866,9071.568928637897
239925.83294986954,805.4203127787838,15790.622888724538,1644.799440308841,11182.412004660297,54223.32123112407,114887.67985354736,31583.12179651002,10660.009852656218,9193.736755907395
244490.21713211684,815.0386122099135,16053.176638437575,1647.8222484408313,11364.013720122353,54059.45583644335,115226.78240091997,31166.165724432514,10744.786885968577,9317.549830888396
249141.43482748413,824.7717730152605,16320.095920275277,1650.8506118817422,11548.564636798335,53896.08565059463,115566.88584358248,30754.714249625744,10830.238134922072,9443.030310314763
253881.1379694409,834.6211668650834,16591.453320787004,1653.8845408411034,11736.11264954309,53733.209177033816,115907.99313577807,30348.694701146247,10916.368961425604,9570.200649307524
258711.00991808143,844.5881818100785,16867.322633432854,1656.9240455472143,11926.706431021086,53570.824923739456,116250.10724046962,29948.035367442586,11003.184770030348,9699.083605393324
263632.7660579884,854.6742224769893,17147.778878651014,1659.9691362471663,12120.395444337977,53408.93140319905,116593.23112936555,29552.66548368946,11090.6910082688,9829.702242576941
268648.1544074737,864.8807102665651,17432.89832425916,1663.019823206882,12317.229955877448,53247.52713239541,116937.36778294556,29162.515219289016,11178.89316699672,9962.07993546871
273758.95623940375,875.2090835538654,17722.758506194703,1666.0761167111566,12517.261048346209,53086.61063279314,117282.52019048648,28777.515665537474,11267.79678073753,10096.24037346738
278966.98671384103,885.6607978909706,18017.438249600054,1669.1380270636819,12720.540634031186,52926.180430325,117628.69135008837,28397.598823454522,11357.407428029703,10232.207564999497
284274.0955227205,896.2373262121152,18317.01769025875,1672.2055645870846,12927.121468271787,52766.23505537836,117975.8842687004,28022.697591772903,11447.73073177676,10370.005841815775
289682.16754678555,906.940159041255,18621.57829638735,1675.2787396229687,13137.05716315106,52606.773042782166,118324.10196214714,27652.74575508738,11538.77235960012,10509.659863345298
295193.1235250277,917.7708047021282,18931.202890790366,1678.357562531938,13182.696872411925,52730.78748964771,119150.32129172023,27287.677972159254,11630.538024194679,10651.194621108421
300808.9207368581,928.7307895308189,19245.975673383076,1681.4420436936387,13218.16745352821,52872.66981411275,120012.04763005322,26927.42976437618,11723.033483687355,10794.635443189103
306531.5536972575,939.8216580908613,19565.982244089108,1684.5321935067918,13253.733475064368,53014.93390025742,120880.00619901805,26571.937504363497,11816.264541998311,10940.007998767373
312363.05486515356,951.0449733909103,19891.309626118695,1687.6280223892331,13289.395193821223,53157.58077528486,121754.24207173983,26221.13840474649,11910.237049205247,11087.338302713033
318305.4953652685,962.4023171050097,20222.04628963375,1690.7295407779402,13325.15286729055,53300.61146916216,122634.8006473234,25874.970507060912,12004.956901910351,11236.652720240985
324360.9857237044,973.8952897954954,20558.28217580677,1693.836759129071,13361.006753656931,53444.02701462775,123521.72765321245,25533.37267080973,12100.430043610411,11387.977971629405
330531.6766175229,985.5255111385652,20900.108721279634,1696.9496879180047,13396.957111799706,53587.82844719883,124415.06914756361,25196.284562664307,12196.662465069703,11541.34113700147
336819.7596385792,997.2946201525228,21247.618883028954,1700.0683376393674,13433.00420129472,53732.01680517878,125314.8715216374,24863.64664580841,12293.660204695927,11696.76966117135
343227.46807189356,1009.2042754287702,21600.907163644995,1703.1927188070724,13469.148282416281,53876.59312966503,126221.18150220912,24535.400169422835,12391.429348919057,11854.291358555569
349757.0776888266,1021.2561553655469,21960.069637030912,1706.32284195436,13505.389616139,54021.558464555965,127134.04615399323,24211.487158308693,12489.976032573317,12013.934418150504
356410.907555349,1033.4519584044626,22325.20397452936,1709.4587176338239,13541.728464139731,54166.91385655889,128053.51288208966,23891.85040264767,12589.306439282118,12175.727408576908
363191.3208556797,1045.7934032698508,22696.40947148336,1712.600356417451,13578.165088799378,54312.66035519746,128979.6294344434,23576.433447897693,12689.426801846002,12339.699283192289
370100.7257316004,1058.2822292109872,23073.78707423872,1715.7477688966624,13614.69975320483,54458.79901281933,129912.44390432583,23265.180584822,12790.34340263383,12505.87938527224
377141.576137737,1070.9201962472025,23457.439407595917,1718.9009656823393,13651.332721150906,54605.33088460353,130852.0047328315,22958.036839649438,12892.06257397694,12674.297453261543
384316.3727131053,1083.7090854159073,23847.470802717693,1722.0599574048633,13688.064257142174,54752.257028568594,131798.36071139283,22654.947964365107,12994.59069856651,12844.983626095902
391627.6636692445,1096.6506990235973,24243.987325501465,1725.2247547141574,13724.8946263949,54899.57850557956,132751.56098431573,22355.86042712909,13097.934209854011,13017.968448595388
399078.0456952436,1109.7468608998433,24647.096805422756,1728.3953682797128,13761.82409483901,55047.29637935599,133711.65505132955,22060.72140282153,13202.099592454975,13193.282876930603
406670.16487998405,1106.0408777228556,24925.808262226466,1730.8554461807157,13798.85292911992,55195.41171647965,134678.69277015972,22512.801710266423,13329.173576621226,13329.173576621226
414406.7176519323,1100.0093148858055,25189.22722412516,1733.2189523048182,13835.981396600511,55343.92558640207,135652.72435911468,23082.027385449706,13460.584143688737,13460.584143688737
422290.45173680235,1094.0106439164892,25455.430029530813,1735.5856858279585,13873.209765363095,55492.8390614524,136633.80039969605,23665.645665936318,13593.290270232445,13593.290270232445
430324.16713344434,1088.0446854459765,25724.446098438966,1737.9556511571893,13910.538304211272,55642.153216844985,137621.9718392228,24264.020462028297,13727.304729002586,13727.304729002586
438510.71710829955,1082.1112610834916,25996.305161759192,1740.3288527055884,13947.9672826719,55791.86913068757,138617.28999347932,24877.524885329847,13862.64041867436,13862.64041867436
446853.0092087649,1076.210193411072,26271.03726460096,1742.705294892253,13985.496970997108,55941.98788398838,139619.80654937908,25506.541481397635,13999.310365089192,13999.310365089192
455354.00629584584,1070.3413059782702,26548.672769593955,1745.0849821423205,14051.444198651592,56340.76832011903,141356.30350762853,26151.462468274094,14137.327722508646,14137.327722508646
464016.7275964496,1064.5044232968735,26829.242360243952,1747.4679188869654,14134.61038076687,56891.267854586826,143552.76169440537,26812.689981051644,14276.70577488036,14276.70577488036
472844.24977569707,1058.6993708356554,27112.777044323688,1749.8541095634187,14218.268797968418,57447.14626027853,145783.34944206168,27490.636322620623,14417.457937116696,14417.457937116696
481839.70802963997,1052.9259750151623,27399.30815729981,1752.243558614964,14302.422363644557,58008.45609356125,148048.59707115332,28185.724220757525,14559.597756385865,14559.597756385865
491006.2971987559,1047.184063202516,27688.86736579601,1754.63627049096,14387.07400842699,58575.250424324724,150349.04314259582,28898.387091713033,14703.138913415838,14703.138913415838
500347.27290263557,1041.4734637062604,27981.486671092476,1757.0322496468325,14472.226680292948,59147.58284099876,152685.23458570894,29629.069310465224,14848.095223811022,14848.095223811022
509865.9526962566,1035.7940057712176,28277.198412663216,1759.4315005440978,14557.883344667867,59725.507455619925,155057.72682824713,30378.22648780627,14994.480639382155,14994.480639382155
519565.71724824526,1030.1455195733913,28576.0352717493,1761.8340276503645,14644.04698452858,60309.078908947646,157467.08392845298,31146.325754434052,15142.309249488928,15142.309249488928
529450.011541564,1024.527836214885,28878.03027497135,1764.2398354393347,14730.720600507277,60898.35237563023,159913.8787091602,31933.846052228055,15291.595282396258,15291.595282396258
539522.3460970343,1018.9407877188478,29183.21679797925,1766.648928390829,14817.907210995942,61493.38356942156,162398.69289398374,32741.278432889394,15442.353106643572,15442.353106643572
549786.2982201434,1013.3842070244598,29491.62856914081,1769.0613109907765,14905.609852251504,62094.228748448484,164922.11724562326,33569.12636413228,15594.59723242794,15594.59723242794
560245.5132715586,1007.8579279819289,29803.299673269375,1771.4769877312397,14993.831578501562,62700.94472052995,167484.75170631552,34417.9060436167,15748.342313000452,15748.342313000452
570903.7059618223,1002.3617853475295,30118.26455539047,1773.895963110407,15082.575462050776,63313.58884854781,170087.2055404721,35288.146720819335,15903.603146076726,15903.603146076726
581764.6616706778,996.8956147786542,30436.558024549275,1776.3182416326176,15171.844593387801,63932.21905587092,172730.0974795302,36180.3910270429,16060.394675261103,16060.394675261103
592832.2377914835,991.4592528289071,30758.21525765672,1778.7438278083537,15261.642081292954,64556.89383183032,175414.05586905655,37095.19531376888,16218.73199148496,16218.73199148496
604110.3651012151,986.0525369432131,31083.271803377866,1781.1727261542637,15351.97105294647,65187.67223725045,178139.71881813422,38033.12999956619,16378.630334459132,16378.630334459132
615603.049156525,980.6753054529532,31411.76358606036,1783.6049411931563,15442.834654037404,65824.61391003257,180907.73435107543,38994.7799257708,16540.10509414082,16540.10509414082
627314.3717163611,975.32739757114,31743.72690970445,1786.0404774540216,15534.23604887316,66467.77907079335,183718.76056148583,39980.74472115851,16703.17181221471,16703.17181221471
639248.4921916546,970.0086533875989,32079.19846197591,1788.479339472034,15626.178420489756,67117.22852855861,186573.46576872832,40991.639175839104,16867.846183589027,16867.846183589027
651409.6491225758,964.7189138641959,32418.215318259772,1790.921531788558,15718.664970762567,67773.02368651259,189472.5286768143,42028.093624602625,17034.144057905905,17034.144057905905
663802.1616839039,959.4580208300782,32760.81494575846,1793.3670589511578,15811.698920517902,68435.22654780318,192416.63853576363,43090.75433995992,17202.081441067083,17202.081441067083
676430.4312190355,954.2258169769411,33107.0352076323,1795.8159255136125,15905.28350964518,69103.89972140474,195406.49530547755,44180.28393512067,17371.674496774383,17371.674496774383
689298.9428031646,949.0221458543326,33456.914367184145,1798.2681360359188,15999.421997209694,69779.10642803684,198442.809822148,45297.361777159764,17542.939548085375,17542.939548085375
702412.266836214,943.8468518649663,33810.49109208783,1800.7236950842944,16099.800989545256,70252.12792667474,201247.5123693158,46442.68441063132,17715.893078984576,17715.893078984576
715775.0606660636,938.6997802600756,34167.80445866211,1803.1826072311997,16226.444464261262,69794.69134480346,202830.55580326592,47616.96599189316,17890.551735969875,17890.551735969875
729392.0702426602,933.5807771347847,34528.89395618891,1805.644877055332,16354.084135743804,69340.23329515048,204426.05169679766,48820.9387344129,18066.932329654825,18066.932329654825
743268.1318036017,928.4896894235023,34893.79949127767,1808.1105091416478,16482.727840227693,68888.73438343355,206034.09800284632,50055.353365333984,18245.05183638661,18245.05183638661
757408.1735917743,923.4263648953529,35262.5613922758,1810.5795080813573,16612.383475588653,68440.1753416535,207654.7934448585,51320.97959358467,18424.927399879984,18424.927399879984
771817.2176056778,918.3906521496167,35635.22041372528,1813.0518784719466,16743.059001828336,67994.537027272,209288.23752285435,52618.606589823845,18606.576332867266,18606.576332867266
786500.381383052,913.3824006112067,36011.81774086752,1815.5276249171736,16874.762441563,67551.80042239449,210934.5305195377,53949.04347852247,18790.01611876484,18790.01611876484
801462.8798184196,910.6544023943427,36396.91772672838,1820.1287720333535,17007.501880515956,67111.94663295874,212593.77350644983,55313.11984248521,18975.264413355682,18975.264413355682
816710.0270152214,929.128352184745,36828.744607134904,1844.6787608301718,17141.285468014103,66674.9568879285,214266.06835017618,56711.68624013061,19162.339046488876,19162.339046488876
832247.2381731793,947.9770729310228,37265.69484595434,1869.5598811156947,17276.1214174881,66240.81253849252,215951.5177186016,58145.614735849435,19351.25802379556,19351.25802379556
848080.0315115723,967.2081674074064,37707.82922866032,1894.7765992081718,17412.018006976818,65809.49505726816,217650.22508721016,59615.79944377353,19542.039528422145,19542.039528422145
864214.0302290863,986.8293926214641,38155.20926190849,1920.3334416677676,17548.98357963532,65380.98603751159,219362.29474544167,61123.15708529258,19734.70192278016,19734.70192278016
880654.9645009619,1006.8486629429466,38607.897182092616,1946.234996109119,17687.02654424725,64955.2671923317,221087.83180309055,62668.62756066839,19929.263750313807,19929.263750313807
897408.6735141389,1027.2740532961227,39065.95596400297,1972.4859120248525,17826.155375741004,64532.32035390982,222826.9421967627,64253.17453510221,20125.74373728464,20125.74373728464
914481.1075410983,1048.113802416841,39529.44932958666,1999.0909016201738,17966.378615710077,64112.1274727244,224579.7326963761,65148.48420916351,20546.077357416245,20191.73641906139
931878.3300531784,1069.3763161757024,39998.44175681205,2026.0547406587525,18107.704872937364,63694.67061678076,226346.31091171736,65923.56707857673,21016.37733723148,20234.03821715879
949606.5198740843,1091.0701709686216,40472.99848863888,2053.3822693200054,18250.142823923834,63279.93197084581,228126.78529904824,66707.87124395331,21497.44248974443,20276.42863775429
967671.9733743658,1113.204117176186,40953.18554209395,2081.0783930679245,18393.70121342105,62867.89383568789,229921.26516776328,67501.50641265811,21989.51922989917,20318.90786651249
986081.1067076544,1135.7870826931942,41439.06971745538,2109.148083531662,18538.388854968172,62458.53862732096,231729.86068710257,68304.58359726402,22492.859613081167,20361.476089486987
1004840.4580894219,1158.828176529773,41930.718607545234,2137.5963793979417,18684.077583706727,62181.70143241569,233871.59618554026,69117.21513107943,23007.721464226684,20404.13349312115
1023956.6901191083,1182.3366924855802,42428.200607132254,2166.428387315549,18830.510311270795,62282.88252908896,236969.89456311037,69939.51468386171,23534.36850988833,20446.880264248946
1043436.5921464278,1206.322112898527,42931.58492244703,2195.64928281202,18978.090676100117,62384.22826606792,240109.2387666513,70771.59727771752,24073.07051332302,20489.716590095766
1063287.0826826713,1230.7941124695458,43440.94158080917,2225.264311222652,19126.827672572635,62485.738911252585,243290.17256555622,71613.57930319117,24624.103412672026,20532.642658279234
1083515.2118579037,1255.7625621649543,43956.34144036883,2255.278788632097,19276.730365557894,62587.41473297889,246513.2469329993,72465.57853554569,25187.749462304324,20575.658656810032
1104128.163924897,1281.2375331979913,44477.85619996452,2285.6981028286214,19427.80789096957,62689.256000019785,249779.02014137228,73327.71415123694,25764.297377395113,20618.764774092735
1125133.2598106975,1307.2293010911053,45005.55840909663,2316.5277142712557,19580.0694563222,62791.26298158505,253088.05785897994,74200.10674458371,26354.042481813656,20661.96119892661
1146537.9597167468,1333.7483498206843,45539.52147802107,2347.773157069979,19733.524341292486,62893.43594732306,256440.93324802406,75082.87834463682,26957.28685939668,20705.24812050648
1168349.865768442,1360.8053760458179,46079.8196879603,2379.4400399791148,19888.181898284613,62995.77516732039,259838.22706387757,75976.15243224757,27574.33950868352,20748.62572842352
1190576.724715136,1388.4112934229076,46626.52820143784,2411.5340474041664,20044.05155300047,63098.280912103655,263280.5277556817,76880.05395734061,28205.51650119449,20792.094212666103
1213226.4306814694,1416.5772370077445,47179.72307273399,2444.0609404221673,20201.14280501393,63200.95345263927,266768.4315682681,77794.70935639157,28851.14114333092,20835.653763620623
1236307.027971068,1445.3145677469388,47739.48125846569,2477.0265578158605,20359.46522834989,63303.79306033455,270302.5426454393,78720.24657011293,29511.544141981984,20879.30457207234
1259826.7139235681,1474.6348770604293,48305.88062829284,2510.4368171217816,20519.028472067814,63406.800007038844,273883.4731346089,79656.79506134993,30187.063773921847,20923.046829206214
1283793.841825993,1504.5499915169792,48878.999975750216,2544.2977156924903,20679.842260849655,63509.97456504331,277511.8432928346,80604.48583319027,30878.046059084434,20966.880726607727
1308216.9238795293,1535.0719776045185,49458.91902920938,2578.6153317731596,20841.91639559271,63613.31700708271,281188.28159425425,81563.45144728784,31584.844937804643,21010.806456263745
1333104.634222718,1566.2131465972307,50045.718462969635,2613.395825592624,21005.260754006766,63716.827606335086,284913.4248389438,82533.82604240568,32307.822452116186,21054.82421056334
1358465.8120121814,1597.9860595214188,50639.47990848055,2648.645440469195,21169.885291216247,63820.50663642348,288687.9182632164,83515.74535317901,33047.34893119945,21098.934182298643
1384309.464561961,1630.4035322220866,51240.28596569858,2684.370503931392,21335.800040366885,63924.3543714158,292512.41565138806,84509.34672910204,33803.803181074996,21143.136564665692
1410644.7705425501,1663.4786405323018,51848.22021457749,2720.577428853744,21503.015113237136,64028.37108582592,296387.57944901654,85514.76915373943,34577.572678637924,21187.431551265254
1437481.0832408175,1697.2247255474308,52463.36722669512,2757.2727146079587,21671.540700854537,64132.55705461478,300314.08087764855,86532.15326416769,35369.053770134575,21231.819336103712
1464827.9338819312,1731.6553990063799,53085.81257701908,2794.4629482296036,21841.387074116745,64236.912553190195,304292.60005107836,87561.64137064709,36178.65187418207,21276.30011359388
1492695.0350144787,1766.7845487819795,53715.64285581045,2832.154805600506,22012.56458441751,64341.43785740866,308323.82609315356,88603.37747652773,37006.781689434916,21320.874078555848
1521092.2839600039,1802.6263444827866,54352.945680670884,2870.3550526471295,22185.083664277674,64446.133243575016,312408.4572571396,89657.50729839316,37853.86740700548,21365.54142621792
1550029.7663281357,1839.1952431684713,54997.80970872976,2909.0705465550996,22358.954827980757,64550.99898844423,316547.2010466643,90724.17828644204,38720.34292774609,21410.302352217346
1579517.7595986181,1876.5059951812054,55650.32464897889,2948.308237000093,22534.188672213866,64656.03536922105,320740.77433826297,91803.53964511366,39606.65208450494,21455.157052601255
1609566.736771484,1914.5736500953194,56310.581274751676,2988.0751673953855,22602.228735833174,64935.718374107346,323394.9087440524,92895.74235395913,40513.24886947075,21500.105723827488
1640187.3700866427,1953.413562787658,56978.67143635054,3028.3784761561483,22436.900850218437,65596.94110131409,322622.22141831386,94000.93918875899,41440.597666718575,21545.14856276548
1671390.5348142623,1993.041399631084,57654.68807382529,3069.225397980862,22272.7822838298,66264.89687938902,321851.3802740921,95119.28474289412,42389.17349008143,21590.285766697092
1703187.3131172427,2033.4731448136386,58338.7252299014,3110.6232651499877,22109.864190893903,66939.65426915456,321082.38090030703,96067.01889865877,43228.38749646993,21672.07477763253
1735588.9979871707,2074.7251067858683,59030.87806306335,3152.579508842148,21948.1377903415,67621.28252956936,320315.21889641794,95357.2347308627,42891.315397517305,22089.509620711477
1768607.097255169,2116.81392483899,59731.24286079213,3195.1016604680963,21787.59436533385,68309.8516248371,319549.8898723964,94652.69475166136,42556.87160848944,22514.984849863573
1802253.3376790108,2156.108034734858,60390.831396894515,3242.6082181850215,21628.225262793072,69005.4322315878,318786.3894487049,93953.36021474967,42225.03563521595,22948.655334307856
1836539.6691080413,2144.52811396135,60364.021085612476,3354.4251454246055,21470.021892935667,69708.09574613288,318024.7132562701,93259.19266009665,41895.78714332905,23390.678926263972
1871478.2687272779,2133.010386066381,60337.22267667996,3470.097927080146,21312.97572880971,70417.91429179213,317264.85693645576,92570.15391183046,41569.10595701759,23841.216518408797
1907081.5453822939,2121.5545170274463,60310.43616481308,3589.759527038631,21157.078305834977,71134.96072629797,316506.81614104146,91886.20607613889,41244.97205779076,24300.432102439856
1943362.1439863567,2110.1601746159927,60283.661544730305,3713.5474942655683,21002.321221346974,71859.3086492732,315750.5865321957,91207.31153918538,40923.36558325129,24768.492828766943
1980332.9500114124,2098.827028387784,60256.89881115207,3841.604120915153,20848.6961341439,72591.03240978524,314996.1637824516,90533.43296504073,40604.26682587843,25245.569067353495
2018007.0940645242,2087.5547496733197,60230.14795880151,3974.076605892722,20696.19476403713,73330.20711397842,314243.54357468017,89864.53329362888,40287.65623182025,25731.834469729652
2056397.956551335,2076.3430115682995,60203.408982404144,4111.117224057308,20544.80889140485,74076.90863278204,313492.7216020699,89200.57573869005,39973.51439969538,26227.466032199776
2095519.1724282838,2065.191488924148,60176.68187668741,4252.8835012590225,20394.530356749136,74831.21360969802,312743.693568097,88541.52378575683,39661.82207940417,26732.64416026757
2135384.6360452306,2054.0998583385735,60149.9666363815,4399.538395412374,20245.35106025612,75593.19946866906,311996.4551865052,87887.34119014636,39352.5601709491,27247.552734302495
2176008.506080169,2043.0677981462093,60123.2632562189,4551.250483813524,20097.262961359338,76362.94442202416,311251.00218127953,87237.9919749669,39045.70972326428,27772.37917646992
2217405.210567861,2032.0949884092672,60096.57173093413,4708.1941569170685,19950.258078306513,77140.52747850733,310507.3302866195,86593.44042913962,38741.25193305422,28307.314518951538
2259589.4520241134,2021.1811109082657,60069.89205526435,4870.5498187948715,19804.32848772923,77926.02845138704,309765.435246919,85953.65110543376,38439.16814364161,28852.553473479464
2302576.212667544,2010.3258491328038,60043.22422394909,5038.504094507445,19694.12034474136,78691.3620957657,309440.6494100315,85318.58881851843,38139.439843824,29408.29450220924
2346380.759740704,1999.528888272373,60016.568231729834,5212.250044626338,20138.36214322936,79015.19848497109,315760.70198475,84688.21864302683,37842.048666739545,29974.739889958717
2391018.650932391,1988.789915207238,59989.924073350805,5391.9873871538675,20592.62473838508,79340.3675491257,322209.83606386476,84062.50591163566,37546.97638874142,30552.095817837504
2436505.7399031497,1978.1086184993583,59963.29174355852,5577.922727095594,21057.13417009526,79666.87477254965,328790.68802335206,83441.41621315878,37254.2049282813,31140.572438295458
2482858.1819159016,1967.4846883833368,59936.67123710145,5770.269793949325,21532.121577046106,79994.72566213312,335505.94808484445,82824.91539065409,36963.71634480093,31740.383951616164
2530092.439573639,1956.917816757458,59910.0625487308,5969.249687383366,22017.82331173688,80323.92574742822,342358.3614153803,82212.96953954604,36675.492837633275,32351.74868388372
2578225.288666332,1946.4076971747425,59883.46567320011,6175.091131386939,22514.481058088524,80654.48058074262,349350.7292496159,81605.5450057605,36389.51674491143,32974.88916645198
2627273.824129034,1935.9540248340588,59856.88060526484,6388.030737184453,23022.341951704897,80986.39573723375,356485.91003495664,81002.60838387391,36105.770542486294,33610.03221694354
2677255.4661133406,1925.5564965712952,59830.30733968319,6608.313275216044,23541.658702846897,81319.67681500167,363766.8206000773,80404.12651527628,35824.236842853126,34257.40902180941
2728187.96617438,1915.2148108505467,59803.74587121564,6836.191956497137,24072.689722180356,81654.32943518486,371196.4373473078,79810.0664863476,35544.89839408527,34917.25522047944
2780089.413575443,1904.9286677553907,59777.19619462468,7071.9287236799555,24615.69924936038,81990.35924205359,378777.7974693723,79220.39562664789,35267.7380787778,35589.81099113197
2832978.241712635,1894.69776898018,59750.658304675446,7315.794552152402,25170.957484516584,82327.77190310652,386514.0001909818,78635.08150711986,34992.73891299816,36275.32113811748
2886873.234661673,1884.521817821392,59724.13219613543,7568.0697615193985,25738.740722703857,82666.57310916495,394408.2080357788,78054.09193830646,34719.88404524553,36974.03518106451
2941793.5338492873,1874.4005191690253,59697.61786377408,7829.04433782563,26319.33149138593,83006.76857447014,402463.648119165,77477.39496857987,34449.15675541818,37686.207445703236
2997758.644851512,1864.3335794980417,59671.11530236349,8099.018266889476,26913.0186910205,83348.36403677831,410683.61346753116,76904.95888238461,34180.54045378889,38412.09715643723
3054788.444321316,1854.320706859852,59644.624506678156,8378.30187913164,27520.09773881524,83691.3652574588,419071.46436442767,77387.95313946735,34481.2852998576,38307.46530008992
3112903.1870480212,1844.3616108738509,59618.145471494434,8667.216206294604,28140.870715726567,84035.77802158993,427630.6297242368,77917.97684991972,34808.51363783065,38168.73121138949
3172123.513151038,1834.4560027189975,59591.67819159144,8966.093350463243,28775.64651677473,84381.60813805775,436364.6084938962,78451.63064906475,35138.847381656225,38030.499561240234
3232470.455410433,1824.6035951254312,59565.22266175055,9275.276865810414,29424.74100474869,84728.86143965286,445276.9710832519,78988.93939908079,35472.316001720625,37892.768530013826
3293965.4467369462,1814.8041023661492,59538.77887675514,9595.122153506574,30088.477167378715,85077.54378317008,454371.360824623,79529.9281324247,35808.94924808474,37755.53630467162
3356630.3277841588,1805.057240248722,59512.34683139125,9925.99687024744,30767.18527805455,85427.66104950581,463651.4954621795,80074.62205299917,36148.77715313858,37618.80107874124
3420487.354705443,1795.3627261070421,59485.92652044721,10268.281350869041,31461.20306016822,85779.21914375864,473121.1686717421,80623.04653732573,36491.83003428021,37482.561052292665
3485559.2070584917,1785.7202787931324,59459.51793871333,10622.369045536136,32170.875855164508,86132.22399532775,482784.2516116162,81175.22713572826,36838.13849662056,37346.814431914245
3551868.9958602185,1779.796197174607,59556.54821866851,11170.290691182146,32198.788830419402,85220.1817829973,524565.8017746361,81731.18957352208,37187.733435714166,37211.559430689544
3619440.2717949287,1774.9201884429378,59688.52847672101,11800.718996427391,32033.130547573703,83968.93508222888,580109.434091841,82290.95975221352,37540.646040314896,37076.794268173646
3688297.0335785653,1770.0575382414129,59820.80120955664,12466.727382714522,31868.32455351507,82736.0598314321,641534.3020529775,82854.563750706,37896.90779515898,36942.517170369436
3758463.736482187,1765.2082099724103,59953.3670653137,13170.323916871275,31704.366463336308,81521.28629149449,709463.1400968533,83422.02782651546,38256.55048377366,36808.72636970482
3829965.3010174897,1760.3721671385713,60086.22669356737,13913.629996900028,31541.25191469014,80324.34868375324,784584.6208774054,83993.37841699283,38619.60619131255,36675.420105008794
3902827.1217876393,1755.5493733425278,60219.38074533178,14698.886748157125,31378.976567672828,79144.98513184433,867660.3371294349,84568.64214055697,38986.10730741826,36542.596621488854
3977075.0765064517,1750.739792286627,60352.82987306414,15528.46178051933,31217.536104709037,77982.93760440825,959532.5228089027,85147.84579793339,39356.0865291122,36410.25417070766
4052735.53518916,1745.943387772658,60486.5747306675,16404.856326910704,31056.92623043656,76837.9518586349,1061132.5917859392,85731.01637340414,39729.57686371122,36278.391010559724
4129835.3695180216,1741.1601237015857,60620.615973493645,17330.712784713465,30897.14267159234,75709.77738463854,1173490.580657037,86318.18103606414,40106.611631772445,36147.00540524902
4208401.962386136,1736.3899640732639,60754.95425834714,18308.822682800885,30738.181176898506,74598.16735064845,1297745.5914091843,86909.36714108742,40487.22447006629,36016.09562526588
4288463.217622737,1731.6328729861802,60889.59024348758,19342.135098212275,30580.037516949582,73502.87854900592,1435157.3398049814,87504.60223100083,40871.44933457667,35885.65994736394
4370047.569903631,1726.8888146371792,61024.52458863366,20433.765547849216,30422.707484099734,72423.67134295215,1587118.9265683366,88103.91403696821,41259.320503531,35755.696654538115
4453183.994850027,1722.1577533211926,61159.757954966044,21587.005381999516,30266.186892350896,71360.30961419937,1755170.9608465056,88707.33048008186,41650.87258045798,35626.20403600123
4537902.0193196125,1717.4396534309694,61295.2910051302,22805.331708013302,30110.47157724137,70312.56071127,1941017.1791346285,89314.87967266282,42046.14049727457,35497.18038716218
4624231.731893334,1712.734479456815,61431.12440324061,24092.417874050843,29955.55739573502,69280.1953985958,2146541.718009443,89926.5899195718,42445.159517402615,35368.62400960315
4712203.7935617,1708.042195986316,61567.258814882916,25452.14454451134,29801.440226111074,68262.9878063636,2373828.215785878,90542.48971952648,42847.965238915014,35240.5332110571
4801849.448614422,1703.3627677040706,61703.694907118144,26888.611400536836,29648.11596785443,67260.71538109698,2625180.936751969,91162.60776643039,43254.593597711,35112.906305385935
4893200.535737117,1698.6961593914402,61840.43334848552,28406.149500867374,29495.580541546562,66273.15883696507,2903148.1321424753,91786.9729507091,43665.080870722755,34985.741612558035
4986289.499319257,1694.0423359262627,61977.47480900545,30009.334340319365,29343.82988875699,65300.102107804254,3210547.8746887455,92415.61436065652,44079.46367915152,34859.037458625964
5081149.400977102,1689.4012622826,62114.819960183486,31702.999645255495,29317.968308113108,65128.61526343635,3145523.054598195,93048.56128378928,44497.77899173457,34732.79217570495
5177813.931295951,1684.77290353048,62252.4694750133,33492.25194764422,29313.501993322505,65092.457147149275,3018811.791492649,93685.84320821261,44920.064128043516,34607.00410195032
5276317.421795732,1680.1572248356183,62390.42402797953,35382.48598164907,29309.036358932604,65056.31910513154,2897204.844559368,94327.48982399255,45346.356761813935,34481.67158153614
5376694.857124236,1675.5541914591674,62528.68429506205,37379.40094916941,29304.571404839866,65020.20112623858,2780496.5963737564,94973.5310245405,45776.694924305986,34356.79296463322
5478981.887482306,1670.96376875745,62667.250953738185,39489.01770337509,29300.107130940596,64984.1031993316,2668489.712408271,95623.9969080052,46211.11700769746,34232.36660738714
5583214.841285458,1666.3859221817024,62806.124682987036,41717.6969020454,29295.643537131167,64948.02531327816,2560994.807372013,96278.91777867536,46649.661768509286,34108.39087189711
5689430.738066262,1661.8206172778112,62945.306163292305,44072.1581854433,29291.180623307988,64911.967456951956,2457830.1249913084,96938.3241483906,47092.36833106243,33984.8641261941
5797667.301622342,1657.2678196860538,63084.796076645296,46559.50043655252,29286.718389367386,64875.92961923275,2358821.2306895326,97602.2467379643,47539.276190969045,33861.78474421925
5907962.97341434,1652.7274951408435,63224.59510654904,49187.22318475754,29282.256835205928,64839.91178900688,2263800.7166469116,98270.71647861411,47990.42521865568,33739.15110580286
6020356.926218882,1648.1996094704677,63364.703938021245,51963.24921750573,29277.795960719995,64803.913955166434,2172607.918741255,98943.76451340239,48445.85566292015,33616.96159664258
6134889.078041238,1643.6841285968317,63505.123257597246,54895.94846812492,29273.335765806034,64767.93610660984,2085088.644891275,99621.42219868864,48905.60815452246,33495.2146082826
6251600.106292652,1639.1810185352035,63645.853753334304,57994.163251819846,29268.87625036053,64731.97823224164,2001094.9143430325,100303.72110558869,49369.723709809936,33373.90853809229
6370531.462237386,1634.690245393957,63786.89611481394,61267.23492593657,29264.4174142799,64696.04032097246,1920484.7074587457,100990.69302144686,49838.24373437575,33253.0417892449
6491725.385714662,1630.211775374317,63928.25103314621,64725.03205487887,29259.959257460774,64660.12236171941,1843121.7255847957,101682.36995131645,50311.21002675367,33132.612770696905
6615224.920140538,1625.7455747701053,64069.91920097269,68377.98016459172,29255.50177979962,64624.22434340542,1768875.1605931036,102378.78411945005,50788.66478214633,33012.61989716695
6741073.927795374,1621.2916099674856,64211.90131246948,72237.09317633163,29251.044981192965,64588.346254959666,1697619.4737059516,103079.96797080222,51270.650596190346,32893.06158911467
6869317.105401936,1616.8498474447129,64354.198063351585,76314.00661448836,29246.588861537362,64552.48808531747,1629234.183230523,103785.95417254022,51757.2104687557,32773.93627272047
7000000.000000002,1612.4202537718788,64496.810150875164,80621.01268859392,29242.133420729333,64516.6498234202,1563603.660844085,104496.7756155655,52248.38780778274,32655.242379864194
