10000.0,0.0,0.0,0.0
10553.86103036523,0.0,0.0,0.0
11138.398264826206,0.0,0.0,0.0
11755.310738783699,0.0,0.0,0.0
12406.391590588319,0.0,0.0,0.0
13093.533273536095,0.0,0.0,0.0
13818.733056536335,0.0,0.0,0.0
14584.098829439863,0.0,0.0,0.0
15391.855229902054,0.0,0.0,0.0
16244.350109588655,0.0,0.0,0.0
17144.06135851972,0.0,0.0,0.0
18093.604107387164,0.0,0.0,0.0
19095.738328780968,0.0,0.0,0.0
20153.37685941731,0.0,0.0,0.0
21269.59386668692,0.0,0.0,0.0
22447.63378413224,0.0,0.0,0.0
23690.92074182632,0.0,0.0,0.0
25003.068519063214,0.0,0.0,0.0
26387.891048289348,0.0,0.0,0.0
27849.413500806444,0.0,0.0,0.0
29391.88398646884,0.0,0.0,0.0
31019.785901381,0.0,0.0,0.0
32737.85095948577,0.0,0.0,0.0
34551.072945922184,0.0,0.0,0.0
36464.72223212745,0.0,0.0,0.0
38484.36109487433,0.0,0.0,0.0
40615.859883769794,0.0,0.0,0.0
42865.41408420925,0.0,0.0,0.0
45239.56232538058,0.0,0.0,0.0
47745.20538566131,0.0,0.0,0.0
50389.626250651505,0.0,0.0,0.0
53180.51128214197,0.0,0.0,0.0
56125.97255954966,0.0,0.0,0.0
59234.57145875806,0.0,0.0,0.0
62515.34353689712,0.0,0.0,0.0
65977.82479539533,0.0,0.0,0.0
69632.0793976389,0.0,0.0,0.0
73488.72892180388,0.0,0.0,0.0
77558.98323389002,0.0,0.0,0.0
81854.6730706902,0.0,0.0,0.0
86388.28442740453,0.0,0.0,0.0
91172.99484984922,0.0,0.0,0.0
96222.71173675134,0.0,0.0,0.0
101552.11276345691,0.0,0.0,0.0
107176.68854455034,0.0,0.0,0.0
113112.78765939214,0.0,0.0,0.0
119377.66417144357,0.0,0.0,0.0
125989.52777950259,0.0,0.0,0.0
132967.59674662128,0.0,0.0,0.0
140332.15376054848,0.0,0.0,0.0
148104.6048880674,0.0,0.0,0.0
156307.54179458175,0.0,0.0,0.0
164964.80740980207,0.0,0.0,0.0
174101.56523040152,0.0,0.0,0.0
183744.3724610725,0.0,0.0,0.0
193921.2572065827,0.0,0.0,0.0
204661.79993919897,0.0,0.0,0.0
215997.21947827173,0.0,0.0,0.0
227960.4637318982,0.0,0.0,0.0
240586.30546440667,0.0,0.0,0.0
253911.4433680347,0.0,0.0,0.0
267974.608732569,0.0,0.0,0.0
282816.6780230029,0.0,0.0,0.0
298480.7916924327,0.0,0.0,0.0
315012.4795755328,0.0,115.54700748883987,0.0
332459.7932270938,0.0,174.40837786340043,0.0
350873.4455902715,0.0,263.25460892512586,0.0
370306.9584005141,0.0,397.3604362893575,0.0
390816.81775362644,0.0,599.7817738985024,0.0
412462.6382901348,0.0,756.5795418258375,0.0
435307.3364731883,0.0,839.0396217580596,0.0
459417.3134636476,0.0,928.1022754003689,0.0
484862.6481239078,0.0,1026.6187808848447,0.0
511717.300711461,0.0,1135.5926487852128,0.0
540059.3278542374,0.0,1256.1339106455146,0.0
569971.1094326075,0.0,1389.4704260031133,0.0
601539.5880274833,0.0,1536.960389633254,0.0
634856.521630521,0.0,1700.1061664167516,0.0
670018.750350959,0.0,1880.569594755768,0.0
707128.4778942997,0.0,2080.188914421558,0.0
746293.5686310129,0.0,2300.9974912650423,0.0
787627.8611187063,0.0,2545.2445295240486,0.0
831251.4989890632,0.0,2815.4179827073376,0.0
877291.2801613356,0.0,3114.2698964307747,0.0
925881.0253973946,0.0,3444.8444413531056,0.0
977161.9672696162,0.0,3810.5089217610703,0.0
1031283.1606721848,0.0,28676.731889897936,0.0
1088401.9160690054,0.0,33504.62728832742,0.0
1148684.2567375547,0.0,39175.97181964905,0.0
1212305.4013376527,0.0,45841.07138237628,0.0
1279450.2732078733,0.0,53677.29110787452,0.0
1350314.037869872,0.0,62893.95172653852,0.0
1425102.6703029964,0.0,73738.11417940895,0.0
1504033.5536380222,0.0,86501.41381259331,0.0
1587336.1110102087,0.0,101528.13481455001,0.0
1675252.472408214,0.0,119224.75020993635,0.0
1768038.1784572087,0.0,140071.1936776368,0.0
1865962.923181746,0.0,164634.17786032002,0.0
1969311.3379074219,0.0,189769.0817566716,0.0
2078383.8185797553,0.0,214359.57656733957,0.0
2193497.3989050556,0.0,236087.3595715803,0.0
2314986.671851161,0.0,257986.33661903706,0.0
2443204.7621864867,0.0,281917.05205236445,0.0
2578524.3528842763,0.0,308068.04852290504,0.0
2721338.7683753087,0.0,336645.36934598256,0.0
2872063.1177978283,0.0,367874.1833311262,0.0
3031135.501567576,0.0,402000.5605075774,0.0
3199018.2847750606,0.0,439293.41276235995,0.0
3376199.441111333,0.0,480046.614710684,0.0
3563193.971228584,0.0,524581.3215420211,0.0
3760545.399658168,0.0,573248.5021410775,0.0
3968827.354637166,0.0,626195.9110344925,0.0
4188645.235435271,0.0,682760.9970998192,0.0
4420637.97202853,0.0,743902.0023046872,0.0
4665479.882234468,0.0,810605.3269447507,0.0
4923882.631706731,0.0,883381.0551561974,0.0
5196597.302486197,0.0,964254.5394798542,0.0
5484416.5761210155,0.0,1053182.5565390626,0.0
5788177.03770128,0.0,1150313.8257910332,0.0
6108761.607505039,0.0,1256239.292083118,0.0
6447102.107323869,0.0,1371614.276352631,0.0
6804181.968927094,0.0,1497579.7128907219,0.0
7181039.092537342,0.0,1634941.3505322775,0.0
7578768.863625915,0.0,1784724.7628310015,0.0
7998527.336796708,0.0,1949128.1800824634,0.0
8441534.596012976,0.0,2131990.3348324625,0.0
8909078.300934143,0.0,2333226.3673414304,0.0
9402517.429670133,0.0,2552274.6880991184,0.0
9923286.228832545,0.0,2783906.0704661673,0.0
10472898.382363575,0.0,3013248.9410565025,0.0
11052951.411260199,0.0,3240412.711745662,0.0
11665131.316981962,0.0,3484772.5693189274,0.0
12311217.482038897,0.0,3747634.2121845586,0.0
12993087.84200417,0.0,4030402.7028096085,0.0
13712724.343984008,0.0,4334590.04177667,0.0
14472218.707411343,0.0,4661823.319867811,0.0
15273778.503907124,0.0,5014769.450990704,0.0
16119733.573881553,0.0,5393927.589418532,0.0
17012542.79852586,0.0,5802012.577332846,0.0
17954801.246878304,0.0,6241312.88468447,0.0
18949247.7187382,0.0,6714335.034210329,0.0
19998772.70535287,0.0,7223607.419588303,0.0
21106426.791015547,0.0,7771707.1609382415,0.0
22275429.519995563,0.0,8361793.57906849,0.0
23509178.754572842,0.0,8997270.440323701,0.0
24811260.551377654,0.0,9681877.658948943,0.0
26185459.584742326,0.0,10419638.398853702,0.0
27635770.147361573,0.0,11214973.254506309,0.0
29166407.760237068,0.0,12071444.668260727,0.0
30781821.4256508,0.0,12993447.40851605,0.0
32486706.558783747,0.0,13979377.317122295,0.0
34286018.63556583,0.0,15040374.032563817,0.0
36184987.596427426,0.0,16182169.329436341,0.0
38189133.04781847,0.0,17396859.055863757,0.0
40304280.305680506,0.0,18660893.72853737,0.0
42536577.32750383,0.0,19955541.10231051,0.0
44892512.58218607,0.0,21283976.431641392,0.0
47378933.90963144,0.0,22701071.87409683,0.0
50003068.424910896,0.0,24212763.985008992,0.0
52772543.524835326,0.0,25825388.595090047,0.0
55695409.05800124,0.0,27545707.83447403,0.0
58780160.72274912,0.0,29380939.002562724,0.0
62035764.761042684,0.0,45523587.06722055,0.0
65471684.020047426,0.0,49052370.885605976,0.0
69097905.45715645,0.0,52866973.59150402,0.0
72924969.16841444,0.0,56991606.769840255,0.0
76963999.0247115,0.0,61452620.96774961,0.0
81226735.00479703,0.0,66278701.65344315,0.0
85725567.31909306,0.0,71501083.66127284,0.0
90473572.42349294,0.0,77153785.90623891,0.0
95484551.02782284,0.0,83321577.44807737,0.0
100773068.20944576,0.0,89261256.74038635,0.0
106354495.74860112,0.0,96334711.37993711,0.0
112245056.80853058,0.0,103584673.43716937,0.0
118461873.09026824,0.0,111645200.78575626,0.0
125023014.59914534,0.0,120622578.16155824,0.0
131947552.16767086,0.0,130637654.52442169,0.0
139255612.88744646,0.0,141827860.57795852,0.0
146968438.61124474,0.0,154349506.5153228,0.0
155108447.69528404,0.0,168380398.9405163,0.0
163699300.16117018,0.0,184122821.32963002,0.0
172765966.46690348,0.0,201806928.56409836,0.0
182334800.08684385,0.0,221694613.09324205,0.0
192433614.1115976,0.0,244083908.28530622,0.0
203091762.09047306,0.0,266083871.03402218,0.0
214340223.351485,0.0,284653522.3621453,0.0
226211693.0469017,0.0,303984934.0021638,0.0
238740677.1860647,0.0,324778756.1731987,0.0
251963592.93170136,0.0,347161466.6342485,0.0
265918874.4512691,0.0,371260951.40452325,0.0
280647084.6309833,0.0,397215615.5682783,0.0
296191032.97725594,0.0,425175255.9923824,0.0
312595900.04822844,0.0,455302006.69300526,0.0
329909368.77709424,0.0,487771362.9070631,0.0
348181763.06889665,0.0,522773290.4290022,0.0
367466194.0736688,0.0,560513427.3206716,0.0
387818714.561072,0.0,601214385.6948676,0.0
409298481.8452434,0.0,645098240.597886,0.0
431967929.7334165,0.0,692418074.9385774,0.0
455892949.998105,0.0,741490473.8357497,0.0
481143083.90032446,0.0,772015507.3098054,0.0
507791724.3205383,0.0,799884354.523789,0.0
535916329.08485144,0.0,827008336.1642495,0.0
565598646.1065003,0.0,855015682.4175923,0.0
596924950.9970727,0.0,883974293.9456947,0.0
629986297.838068,0.0,913916552.0726821,0.0
664878783.8417276,0.0,944875942.7966232,0.0
701703828.6703837,0.0,976887094.5687104,0.0
740568469.2262442,0.0,1009985817.3683597,0.0
781585670.7684091,0.0,1044209143.1189222,0.0
824874655.2614582,0.0,1079595367.4901063,0.0
870561247.9099857,0.0,1116184093.1348972,0.0
918778242.8863322,0.0,1154016274.4104464,0.0
969665789.31455,0.0,1193134263.6339724,0.0
1023371798.6325171,0.0,1226699238.7604198,0.0
1080052374.5162497,0.0,1264819566.991458,0.0
1139872266.6160479,0.0,1303205283.8096995,0.0
1203005349.423324,0.0,1342860581.7992182,0.0
1269635127.659973,0.0,1383828681.4841845,0.0
1339955269.659337,0.0,1426154289.5941381,0.0
1414170170.289021,0.0,1469883650.4134622,0.0
1492495545.0518322,0.0,1515064598.911776,0.0
1575159057.0916245,0.0,1561746615.7172866,0.0
1662400978.9266136,0.0,1609980883.9973013,0.0
1754474890.8334596,0.0,1659820348.3122716,0.0
1851648417.912154,0.0,1711319775.5123029,0.0
1954204007.9740515,0.0,1764535817.7471762,0.0
2062439752.5140884,0.0,1819527077.6636124,0.0
2176670253.153455,0.0,1876354175.8661256,0.0
2297227536.0711465,0.0,1935079820.720283,0.0
2424462017.0823207,0.0,1995768880.5801363,0.0
2558743520.1685786,0.0,2058488458.524481,0.0
2700462352.420682,0.0,2123307969.68937,0.0
2850030438.518105,0.0,2190299221.2875032,0.0
3007882518.0430956,0.0,2259347379.12912,0.0
3174477409.109187,0.0,2330611126.4470024,0.0
3350299341.9772367,0.0,2404077680.208048,0.0
3535859366.535183,0.0,2479994868.314848,0.0
3731696837.7327557,0.0,2558445932.1596975,0.0
3938380983.288489,0.0,2639516956.723036,0.0
4156512558.225988,0.0,2680144201.3773913,0.0
4386725591.048494,0.0,2707746890.3268266,0.0
4629689226.627258,0.0,2734019075.5659666,0.0
4886109671.160316,0.0,2760550568.844155,0.0
5156732244.854953,0.0,2787344029.7959075,0.0
5442343548.30025,0.0,2814402147.589114,0.0
5743773748.826564,0.0,2841727641.301938,0.0
6061898993.497572,0.0,2869323260.305391,0.0
6397643955.748424,0.0,2897191784.6518254,0.0
6751984523.0724945,0.0,2925336025.4694643,0.0
7125950633.568397,0.0,2953758825.363041,0.0
7520629269.5924225,0.0,2982463058.8206253,0.0
7937167617.217559,0.0,3011451632.6267786,0.0
8376776400.682924,0.0,3040727486.2822766,0.0
8840733401.525063,0.0,3070293592.4302363,0.0
9330387172.62036,0.0,3100152957.289128,0.0
9847160957.933764,0.0,3130308621.092438,0.0
10392556829.36711,0.0,2844151875.482527,0.0
10968160052.731358,0.0,2871744312.0791755,0.0
11575643695.533012,0.0,2899610736.4066243,0.0
12216773489.96788,0.0,2927754012.995321,0.0
12893412965.257105,0.0,2956177039.534406,0.0
13607528864.243332,0.0,2984882747.3236523,0.0
14361196859.990772,0.0,3013874101.732688,0.0
15156607589.006012,0.0,3043154102.6679997,0.0
15996073018.614845,0.0,3072725785.0475693,0.0
16882033167.003662,0.0,3102592219.283412,0.0
17817063195.457325,0.0,3132756511.772288,0.0
18803880893.409164,0.0,3163221805.3944464,0.0
19845354578.058033,0.0,3193991280.0209417,0.0
20944511431.514687,0.0,3225068153.0292807,0.0
22104546299.710194,0.0,3256455679.827979,0.0
23328830978.641537,0.0,3288157154.3897905,0.0
24620924014.946205,0.0,3320175909.7941756,0.0
25984581049.29242,0.0,3352515318.7788687,0.0
27423765732.64941,0.0,3385178794.300856,0.0
28942661247.1674,0.0,3418106233.136284,0.0
30545682465.15432,0.0,3450767326.741142,0.0
32237488781.49027,0.0,3483485470.709084,0.0
34022997656.780643,0.0,3516200155.8058553,0.0
35907398910.61047,0.0,3549226863.453349,0.0
37896169806.447235,0.0,3582257689.988685,0.0
39995090972.0367,0.0,3611508038.17234,0.0
42210263201.56903,0.0,3630763081.3186984,0.0
44548125188.44988,0.0,3645312745.28309,0.0
47015472240.2213,0.0,3659921585.589779,0.0
49619476030.02898,0.0,3674589842.920593,0.0
52367705442.04645,0.0,3689317758.9362135,0.0
55268148571.445915,0.0,3704105576.2802496,0.0
58329235942.861885,0.0,3718953538.5831747,0.0
61559865014.83489,0.0,3733861890.466355,0.0
64969426041.46098,0.0,3748830877.546079,0.0
68567829366.41738,0.0,3763860746.437606,0.0
72365534228.6965,0.0,3778951744.7592278,0.0
76373579163.78012,0.0,3794104121.136348,0.0
80603614088.61328,0.0,3809318125.205579,0.0
85067934163.64171,0.0,3824594007.618854,0.0
89779515530.33331,0.0,3839932020.0475574,0.0
94752053028.06548,0.0,3855332415.1866703,0.0
100000000000.0,0.0,3870795446.758934,0.0
