1000000.0,0.0,22329.438515792914,0.0
1039255.6829367131,0.0,23742.59482975878,0.0
1080052.374516254,0.0,25245.185133132352,0.0
1122450.5680853059,0.0,26842.86940731993,0.0
1166513.131698196,0.0,28541.665835232183,0.0
1212305.4013376527,0.0,37837.90186508973,0.0
1259895.2777950284,0.0,40684.05361075298,0.0
1309353.3273536095,0.0,43766.12263392005,0.0
1360752.886424333,0.0,47105.9337803472,0.0
1414170.170289024,0.0,50727.54506031044,0.0
1469684.3861124474,0.0,54657.49425252306,0.0
1527377.8503907125,0.0,58925.07412352327,0.0
1587336.1110102087,0.0,63562.63968100004,0.0
1649648.0740980208,0.0,68605.95129449527,0.0
1714406.135851972,0.0,74094.5579827212,0.0
1781706.3195457289,0.0,80072.22568956461,0.0
1851648.417912154,0.0,86587.41595777958,0.0
1924336.14111598,0.0,93693.82106824056,0.0
1999877.270535287,0.0,101450.96245233633,0.0
2078383.8185797553,0.0,109924.86001553305,0.0
2159972.194782717,0.0,119188.78094254577,0.0
2244763.3784132237,0.0,129324.07760143484,0.0
2332883.0978641585,0.0,140421.1253394557,0.0
2424462.017082331,0.0,152580.37228338857,0.0
2519635.9293170134,0.0,165913.514739252,0.0
2618545.958474233,0.0,180544.81345068387,0.0
2721338.7683753087,0.0,196612.5678443245,0.0
2828166.780230035,0.0,214270.76748955302,0.0
2939188.398646884,0.0,233690.94235713262,0.0
3054568.246515432,0.0,253491.6336511697,0.0
3174477.4091091934,0.0,273224.80020931206,0.0
3299093.687770942,0.0,294522.5258775647,0.0
3428601.863556583,0.0,317542.7920699031,0.0
3563193.971228584,0.0,342429.65397047484,0.0
3703069.584005141,0.0,369339.5607333803,0.0
3848436.109487433,0.0,398442.44635156565,0.0
3999509.097203661,0.0,429922.91822782217,0.0
4156512.558225988,0.0,463981.5523119571,0.0
4319679.297334174,0.0,500836.30447988905,0.0
4489251.258218608,0.0,540724.0487169621,0.0
4665479.882234468,0.0,583902.2536360177,0.0
4848626.481239078,0.0,630650.8099183536,0.0
5038962.625065151,0.0,680288.0120386258,25274.698795839133
5236770.544204655,0.0,729905.5228678137,58173.432711657704
5442343.548300272,0.0,783523.2768705186,103106.25797710099
5655986.461065002,0.0,841486.1305454132,184135.53239084536
5878016.072274912,0.0,904169.8551822046,330962.03136861644
6108761.607505039,0.0,970496.6785535973,588956.785267215
6348565.21630521,0.0,1038865.4641945532,895671.5771428638
6597782.479539533,0.0,1106686.9075759356,723211.0763288899
6856782.936641738,0.0,1179841.3230142973,585050.3678624132
7125950.633568411,0.0,1258780.3618240436,474329.1835032621
7405684.692262442,0.0,1343994.882983955,385560.68775431777
7696399.90247115,0.0,1436018.3830680086,314356.47047494457
7998527.336796708,0.0,1530571.9214018148,257206.60673261803
8312514.989890632,0.0,1621329.2252300915,212156.267581983
8638828.442740453,0.0,1712020.4033474096,175772.6478413908
8977951.553033313,0.0,1807883.4536980428,146355.72692803384
9330387.17262036,0.0,1909219.4392441604,122543.27375671668
9696657.89314552,0.0,2016347.3202302326,103240.40398241978
10077306.820944617,0.0,2132093.998859276,87567.07794414437
10472898.382363575,0.0,2261522.4671996804,74815.91019938329
10884019.160690054,0.0,2399491.4360513426,64418.265377502714
11311278.765939213,0.0,2545928.4329021918,55917.01285980988
11755310.738783699,0.0,2701356.4780332544,48944.63244642297
12216773.489967931,0.0,2861939.3140697684,23034.826000107587
12696351.276599728,0.0,3026739.2857885994,22253.261782392736
13194755.21676706,0.0,3201029.2831312637,21155.400992604904
13712724.343984008,0.0,3385355.8072949694,19658.79360842756
14251026.703029962,0.0,3580296.83176159,18253.957752717168
14810460.48880674,0.0,3786463.614800887,16949.512786742867
15391855.229902053,0.0,4005472.0659842836,15738.284683232434
15996073.018614879,0.0,4236385.09907665,14613.612077640497
16624009.789266136,0.0,4480681.493684107,13569.309632788978
17276596.646690346,0.0,4739160.208462715,12599.634021503942
17954801.246878304,0.0,5012675.481863849,11699.252340165689
18659629.23181746,0.0,5302143.05713802,10863.212779456126
19392125.72065831,0.0,5608547.763875216,10086.917391002104
20153376.859417353,0.0,5932147.600146331,9366.096800139689
20944511.431514688,0.0,6273132.477101126,8696.786725728514
21766702.53153459,0.0,6633749.588454377,8075.306177881849
22621169.304690264,0.0,7015207.939964991,0.0
23509178.754572842,0.0,7418868.33016203,0.0
24432047.621864866,0.0,7846081.048963083,0.0
25391144.33680347,0.0,8298290.977471363,0.0
26387891.048289347,0.0,8777046.776898818,0.0
27423765.732649524,0.0,9284011.427370496,0.0
28500304.38518105,0.0,9820438.64707415,0.0
29619103.297725536,0.0,10387935.913482033,0.0
30781821.4256508,0.0,10932119.245113634,0.0
31990182.847750608,0.0,11472545.025005713,0.0
33245979.32270938,0.0,12041237.023101501,0.0
34551072.94592218,0.0,12639731.710164236,0.0
35907398.91061055,0.0,13269651.152326692,0.0
37316968.377327554,0.0,13932707.852738893,0.0
38781871.4561072,0.0,14630709.869718377,0.0
40304280.305680506,0.0,15343646.702536736,0.0
41886452.35435271,0.0,16027757.930816736,0.0
43530733.64731892,0.0,16738422.052727247,0.0
45239562.32538058,0.0,17481596.941931296,0.0
47015472.2402213,0.0,18258807.68980478,0.0
48861096.71160326,0.0,19071652.406775482,0.0
50779172.432054035,0.0,19921805.780713663,0.0
52772543.524835326,0.0,20811022.81170291,0.0
54844165.76121015,0.0,21741142.73209511,0.0
56997110.94326075,0.0,22714093.121212345,0.0
59234571.458758056,0.0,23731894.22454453,0.0
61559865.01483514,0.0,38786869.87905879,0.0
63976439.55748424,0.0,40901249.16015045,0.0
66487878.384172626,0.0,43138681.34870903,0.0
69097905.45715645,0.0,45503018.17324517,0.0
71810390.92537342,0.0,47766697.71331726,0.0
74629356.8631013,0.0,50023683.89933491,0.0
77558983.23389001,0.0,52405443.858876795,0.0
80603614.08861345,0.0,54919743.40127158,0.0
83767764.00682925,0.0,57574867.18330859,0.0
87056124.79099856,0.0,60379654.665014066,0.0
90473572.42349294,0.0,63343538.60084703,0.0
94025174.29670133,0.0,66476586.246523514,0.0
97716196.72696182,0.0,69927882.34805752,0.0
101552112.76345691,0.0,35551532.85425407,0.0
105538610.3036523,0.0,38983753.19957617,0.0
109681600.52731358,0.0,42745731.42347251,0.0
113987226.66160525,0.0,46871687.37847487,0.0
118461873.09026824,0.0,51397454.79918355,0.0
123112174.82038921,0.0,56361865.69001317,0.0
127945027.32078734,0.0,61807528.79171758,0.0
132967596.746621,0.0,67781197.19632378,0.0
138187330.56536335,0.0,74334171.76151064,0.0
143611968.59990773,0.0,81522743.81167763,0.0
149249554.50518322,0.0,89408680.95270464,0.0
155108447.69528404,0.0,98059760.20023142,0.0
161197335.73881555,0.0,107550353.03051624,0.0
167525247.24082172,0.0,117962067.41193634,0.0
174101565.23040155,0.0,129384452.36804107,0.0
180936041.07387203,0.0,141915771.1638913,0.0
188038808.93409166,0.0,155663849.80091578,0.0
195420400.79740515,0.0,170747008.15692732,0.0
203091762.09047306,0.0,184064949.2160605,0.0
211064267.91015548,0.0,195367045.814108,0.0
219349739.89050555,0.0,207078564.448929,0.0
227960463.73189822,0.0,219276122.8808844,0.0
236909207.4182632,0.0,232192190.42445076,0.0
246209240.14946204,0.0,245869093.55664393,0.0
255874352.0168589,0.0,260351652.26609612,0.0
265918874.4512691,0.0,275687326.95554554,0.0
276357701.4736163,0.0,291926373.9992807,0.0
287206311.77978283,0.0,309122010.46546733,0.0
298480791.6924321,0.0,327330588.5433471,0.0
310197859.01381,0.0,346611780.2471131,0.0
322374887.8149027,0.0,367028773.00192535,0.0
335029934.1977237,0.0,388648476.7532884,0.0
348181763.06889665,0.0,411541743.27866584,0.0
361849875.9642743,0.0,435783598.42033935,0.0
376054539.9658176,0.0,461453488.0008015,0.0
390816817.7536264,0.0,488635538.2268254,0.0
406158598.8376988,0.0,517418831.43595076,0.0
422102632.01569027,0.0,547897698.089255,0.0
438672559.1048494,0.0,580172025.9677554,0.0
455892949.998105,0.0,612356795.2366084,0.0
473789339.0963144,0.0,631287221.7222924,0.0
492388263.17067313,0.0,650100661.4932842,0.0
511717300.711461,0.0,666178468.7141727,0.0
531805112.8214197,0.0,682649726.198913,0.0
552681485.7144592,0.0,699504652.3350352,0.0
574377374.8826587,0.0,716782858.1542377,0.0
596924950.9970727,0.0,734495395.326132,0.0
620357647.6104281,0.0,752653628.8876216,0.0
644710210.732387,0.0,771269247.5409175,0.0
670018750.3509576,0.0,790354274.3643501,0.0
696320793.976389,0.0,809921077.9558306,0.0
723655342.286965,0.0,829982384.0300078,0.0
752062926.9592422,0.0,850551287.4913663,0.0
781585670.7684091,0.0,871641265.0065062,0.0
812267350.0479703,0.0,893266188.1004255,0.0
844153459.6012994,0.0,915440336.8027726,0.0
877291280.1613356,0.0,938178413.871589,0.0
911729948.498494,0.0,961495559.623563,0.0
947520530.2806548,0.0,985407367.4014435,0.0
984716095.7933764,0.0,1009929899.7109698,0.0
1023371798.6325171,0.0,1034735969.7406409,0.0
1063544957.4860111,0.0,1059921071.8860836,0.0
1105295141.1260197,0.0,1085720352.6850848,0.0
1148684256.7375548,0.0,1112148819.6551542,0.0
1193776641.7144358,0.0,1139221847.8399022,0.0
1240639159.0588293,0.0,1166955188.833389,0.0
1289341296.5257156,0.0,1195364980.026785,0.0
1339955269.659337,0.0,1224467754.0828402,0.0
1392556128.8744648,0.0,1254280448.6438346,0.0
1447221870.7411344,0.0,1284820416.2786758,0.0
1504033553.6380222,0.0,1316105434.6752398,0.0
1563075417.9458175,0.0,1348153717.0838742,0.0
1624435010.9588654,0.0,1380983923.018313,0.0
1688203316.7003663,0.0,1414615169.2204387,0.0
1754474890.8334596,0.0,1449067040.8953612,0.0
1823348000.8684385,0.0,1484359603.2235258,0.0
1894924771.8738236,0.0,1520513413.1567187,0.0
1969311337.9074218,0.0,1557549531.5049922,0.0
2046617999.391994,0.0,1595489535.3217256,0.0
2126959386.6686919,0.0,1634355530.5941908,0.0
2210454629.9710193,0.0,1674170165.2472467,0.0
2297227536.0711465,0.0,1714956642.4678125,0.0
2387406771.860647,0.0,1756738734.3582063,0.0
2481126055.1377654,0.0,1799540795.9264076,0.0
2578524352.8842764,0.0,1843387779.4216297,0.0
2679746087.3256893,0.0,1888305249.0237641,0.0
2784941350.0806384,0.0,1934319395.895462,0.0
2894266124.7167516,0.0,1981405332.7577999,0.0
3007882518.0430956,0.0,2029556597.6559398,0.0
3125959000.482284,0.0,2078863741.6885657,0.0
3248670655.8783746,0.0,2129195387.3610632,0.0
3376199441.1113334,0.0,2180747814.562009,0.0
3508734455.9027147,0.0,2233550670.718435,0.0
3646472223.212745,0.0,2287634323.909439,0.0
3789616980.644724,0.0,2343029880.39445,0.0
3938380983.288489,0.0,2399769202.568018,0.0
4092984818.452434,0.0,2430835534.905906,0.0
4253657732.7503915,0.0,2449720075.244557,0.0
4420637972.02853,0.0,2467383476.380534,0.0
4594173134.636486,0.0,2484687124.3208604,0.0
4774520538.566132,0.0,2502117383.3680453,0.0
4961947603.002898,0.0,2519675267.846326,0.0
5156732244.854953,0.0,2537361801.615554,0.0
5359163290.848515,0.0,2555178018.1815677,0.0
5569540905.800124,0.0,2573124960.808008,0.0
5788177037.70128,0.0,2591203682.6297393,0.0
6015395880.274833,0.0,2609415246.7678432,0.0
6251534353.689699,0.0,2627760726.4462347,0.0
6496942604.146125,0.0,2646241205.1098557,0.0
6751984523.0724945,0.0,2664857776.544635,0.0
7017038286.703836,0.0,2683611544.9990277,0.0
7292496916.841444,0.0,2702503625.307319,0.0
7578768863.625915,0.0,2721535143.0146585,0.0
7876278611.187063,0.0,2740707234.503865,0.0
8185467307.06902,0.0,2760021047.123977,0.0
8506793416.36417,0.0,2779477739.3207383,0.0
8840733401.525063,0.0,2799078480.768809,0.0
9187782428.863321,0.0,2818824452.5059314,0.0
9548455102.782303,0.0,2838716847.068993,0.0
9923286228.832546,0.0,2858756868.6319785,0.0
10312831606.721869,0.0,2878692683.25582,0.0
10717668854.455034,0.0,2898707588.4273925,0.0
11138398264.826183,0.0,2918865061.1879587,0.0
11575643695.533012,0.0,2939166170.5859756,0.0
12030053494.233242,0.0,2959611994.518907,0.0
12502301459.914585,0.0,2980203619.818893,0.0
12993087842.004171,0.0,3000942142.3394756,0.0
13503140378.69872,0.0,3021828667.04324,0.0
14033215376.05482,0.0,3042864308.090528,0.0
14584098829.439863,0.0,3064050188.9291863,0.0
15156607589.006012,0.0,3085387442.38537,0.0
15751590570.916245,0.0,3106877210.7554226,0.0
16369930016.11702,0.0,3128520645.8987823,0.0
17012542798.525856,0.0,3150318909.3321056,0.0
17680381784.572014,0.0,3172273172.324384,0.0
18374437246.10725,0.0,3194384615.9932485,0.0
19095738328.781006,0.0,3216654431.4024205,0.0
19845354578.058033,0.0,3239083819.660258,0.0
20624397525.140884,0.0,3261673992.0196075,0.0
21434022335.148502,0.0,3284426169.978716,0.0
22275429519.995564,0.0,3307341585.383421,0.0
23149866718.511658,0.0,3330421480.530563,0.0
24058630546.44067,0.0,3353667108.2725763,0.0
25003068519.063213,0.0,3377079732.123473,0.0
25984581049.29242,0.0,3400660626.3659697,0.0
27004623524.20682,0.0,3424411076.1599755,0.0
28064708463.098446,0.0,3448332377.652386,0.0
29166407760.23707,0.0,3472269213.4003925,0.0
30311355015.675762,0.0,3496064075.7053595,0.0
31501247957.55321,0.0,3520011268.72207,0.0
32737850959.48577,0.0,3543726796.981439,0.0
34022997656.780643,0.0,3567604903.934868,0.0
35358593665.35183,0.0,3591646707.258483,0.0
36746619407.36688,0.0,3615853332.341379,0.0
38189133047.81847,0.0,3639289895.4664617,0.0
39688273546.3715,0.0,3660680043.0315375,0.0
41246263829.01348,0.0,3678412734.692012,0.0
42865414084.209335,0.0,3689287733.3139744,0.0
44548125188.44988,0.0,3700197598.2965784,0.0
46296892266.27258,0.0,3711142461.8176055,0.0
48114308390.03245,0.0,3722122456.7295103,0.0
50003068424.9109,0.0,3733137716.5642204,0.0
51965973024.862076,0.0,3744188375.537746,0.0
54005932785.42374,0.0,3755274568.555063,0.0
56125972559.54966,0.0,3766396431.2148786,0.0
58329235942.861885,0.0,3777554099.8144445,0.0
60618989934.97572,0.0,3788747711.354537,0.0
62998629783.80706,0.0,3799977403.5443344,0.0
65471684020.04743,0.0,3811243314.806426,0.0
68041819689.270935,0.0,3822545584.2817693,0.0
70712847789.42982,0.0,3833884351.8348455,0.0
73488728921.80388,0.0,3845259758.058699,0.0
76373579163.78012,0.0,3856671944.2801194,0.0
79371676172.17558,0.0,3868121052.564783,0.0
82487465526.14581,0.0,3879607225.7225204,0.0
85725567319.09306,0.0,3891130607.312627,0.0
89090783009.34106,0.0,3902691341.649138,0.0
92588102539.73946,0.0,3914289573.8062134,0.0
96222711736.75154,0.0,3925925449.623569,0.0
100000000000.0,0.0,3937599115.711874,0.0
